-- --------------------------------------------------------
-- 호스트:                          127.0.0.1
-- 서버 버전:                        8.0.39 - MySQL Community Server - GPL
-- 서버 OS:                        Win64
-- HeidiSQL 버전:                  12.8.0.6908
-- --------------------------------------------------------

/*!40101 SET @OLD_CHARACTER_SET_CLIENT=@@CHARACTER_SET_CLIENT */;
/*!40101 SET NAMES utf8 */;
/*!50503 SET NAMES utf8mb4 */;
/*!40103 SET @OLD_TIME_ZONE=@@TIME_ZONE */;
/*!40103 SET TIME_ZONE='+00:00' */;
/*!40014 SET @OLD_FOREIGN_KEY_CHECKS=@@FOREIGN_KEY_CHECKS, FOREIGN_KEY_CHECKS=0 */;
/*!40101 SET @OLD_SQL_MODE=@@SQL_MODE, SQL_MODE='NO_AUTO_VALUE_ON_ZERO' */;
/*!40111 SET @OLD_SQL_NOTES=@@SQL_NOTES, SQL_NOTES=0 */;


-- business_list 데이터베이스 구조 내보내기
CREATE DATABASE IF NOT EXISTS `business_list` /*!40100 DEFAULT CHARACTER SET utf8mb4 COLLATE utf8mb4_0900_ai_ci */ /*!80016 DEFAULT ENCRYPTION='N' */;
USE `business_list`;

-- 테이블 business_list.project_info 구조 내보내기
CREATE TABLE IF NOT EXISTS `project_info` (
  `project_id` int NOT NULL AUTO_INCREMENT,
  `title` varchar(100) NOT NULL,
  `start_date` datetime DEFAULT NULL,
  `end_date` datetime DEFAULT NULL,
  `notice_number` varchar(50) CHARACTER SET utf8mb4 COLLATE utf8mb4_0900_ai_ci DEFAULT NULL,
  `department` varchar(20) NOT NULL,
  `reg_date` datetime NOT NULL,
  `category` varchar(20) CHARACTER SET utf8mb4 COLLATE utf8mb4_0900_ai_ci NOT NULL DEFAULT '기타',
  PRIMARY KEY (`project_id`) USING BTREE,
  KEY `inter_title` (`title`)
) ENGINE=InnoDB AUTO_INCREMENT=109 DEFAULT CHARSET=utf8mb4 COLLATE=utf8mb4_0900_ai_ci;

-- 테이블 데이터 business_list.project_info:~108 rows (대략적) 내보내기
REPLACE INTO `project_info` (`project_id`, `title`, `start_date`, `end_date`, `notice_number`, `department`, `reg_date`, `category`) VALUES
	(1, '[충북] 2024년 DX 컨설팅 패스트트랙 수요기업 모집 재공고(산업 디지털 전환 확산 지원체계 구축 사업)', '2024-09-11 00:00:00', '2024-10-04 00:00:00', NULL, '충북과학기술혁신원', '2024-09-11 00:00:00', '경영'),
	(2, '[경기] 부천시 2024년 뷰티플레이(명동점ㆍ홍대점) 특별관 입점 참가기업 모집 공고', '2024-09-10 00:00:00', '2024-10-07 00:00:00', NULL, '부천산업진흥원', '2024-09-11 00:00:00', '내수'),
	(3, '[경기] 2024년 경기도민 맞춤형 스마트 사회서비스 공모전 참여기업 모집 공고', '2024-09-05 00:00:00', '2024-09-30 00:00:00', NULL, '경기도지역사회서비스지원단', '2024-09-11 00:00:00', '기술'),
	(4, '[경기] 2024년 사회적경제조직 협동자산화 (융자)지원사업 사업자 추가모집 공고', '2024-10-02 00:00:00', '2024-10-08 00:00:00', NULL, '직접수행', '2024-09-11 00:00:00', '금융'),
	(5, '[경북] 안동시 ICTㆍSW기업 지원사업 참여기업 추가 모집 공고', '2024-09-11 00:00:00', '2024-10-11 00:00:00', NULL, '경상북도경제진흥원', '2024-09-11 00:00:00', '기술'),
	(6, '[경북] 영주시 2024년 2차 중소기업 기술성장 디딤돌 사업 참여기업 모집 연장 공고', '2024-09-10 00:00:00', '2024-10-04 00:00:00', NULL, '경상북도경제진흥원', '2024-09-11 00:00:00', '기술'),
	(7, '[전남] 2024년 3차 에너지특화기업 사업화 지원사업 공고', '2024-09-10 00:00:00', '2024-09-20 00:00:00', NULL, '전남테크노파크', '2024-09-11 00:00:00', '수출'),
	(8, '[부산] 2024년 2차 마을기업 기초경영컨설팅 공고', '2024-09-11 00:00:00', '2024-09-23 00:00:00', NULL, '부산디자인진흥원', '2024-09-11 00:00:00', '경영'),
	(9, '2024년 5차 ICT벤처 IR 참가기업 모집 공고', '2024-09-11 00:00:00', '2024-10-04 00:00:00', NULL, '벤처기업협회', '2024-09-11 00:00:00', '경영'),
	(10, '2024년 인도네시아 글로벌비즈니스센터(GBC) 입주기업 모집 공고', NULL, NULL, '제2024-493호', '글로벌성장정책과', '2024-09-09 00:00:00', '기타'),
	(11, '2024년 소상공인 정책자금 융자계획 변경공고', NULL, NULL, '제2024-492호', '기업금융과', '2024-09-09 00:00:00', '기타'),
	(12, '2024년 납품대금 연동 우수기업 포상 모집 공고', '2024-09-06 00:00:00', '2024-10-11 00:00:00', '제2024-488호', '불공정거래개선과', '2024-09-06 00:00:00', '기타'),
	(13, '2024년도 「글로벌혁신특구혁신사업육성(R&D)」 시행계획 재공고', '2024-09-13 00:00:00', '2024-09-27 00:00:00', '제2024-491호', '특구정책과', '2024-09-06 00:00:00', '기타'),
	(14, '2024년 지역소멸대응 유공 포상 공고', '2024-09-06 00:00:00', '2024-09-23 00:00:00', '제2024-490호', '지역혁신정책과', '2024-09-06 00:00:00', '기타'),
	(15, '2025년 소공인 복합지원센터 구축·운영사업 예비 공모', '2024-09-06 00:00:00', '2024-10-31 00:00:00', '제2024-485호', '지역상권과', '2024-09-06 00:00:00', '기타'),
	(16, '벤처투자회사 신규 등록', NULL, NULL, '중소벤처기업부 공고 제2024-482호', '투자관리감독과', '2024-09-04 00:00:00', '기타'),
	(17, '2024년도 제3차 중소벤처기업부 혁신제품 지정기간 연장(1차연장) 공고', '2024-09-02 00:00:00', '2024-09-23 00:00:00', '제2024-481호', '기술개발과', '2024-09-02 00:00:00', '기타'),
	(18, '소상공인 전기요금 특별지원사업 시행 수정공고', NULL, NULL, '중소벤처기업부 공고 제2024-480호', '소상공인손실보상과', '2024-09-02 00:00:00', '기타'),
	(19, '[충북] 2024년 DX 컨설팅 패스트트랙 수요기업 모집 재공고(산업 디지털 전환 확산 지원체계 구축 사업)', '2024-09-11 00:00:00', '2024-10-04 00:00:00', NULL, '충북과학기술혁신원', '2024-09-11 00:00:00', '경영'),
	(20, '[경기] 부천시 2024년 뷰티플레이(명동점ㆍ홍대점) 특별관 입점 참가기업 모집 공고', '2024-09-10 00:00:00', '2024-10-07 00:00:00', NULL, '부천산업진흥원', '2024-09-11 00:00:00', '내수'),
	(21, '[경기] 2024년 경기도민 맞춤형 스마트 사회서비스 공모전 참여기업 모집 공고', '2024-09-05 00:00:00', '2024-09-30 00:00:00', NULL, '경기도지역사회서비스지원단', '2024-09-11 00:00:00', '기술'),
	(22, '[경기] 2024년 사회적경제조직 협동자산화 (융자)지원사업 사업자 추가모집 공고', '2024-10-02 00:00:00', '2024-10-08 00:00:00', NULL, '직접수행', '2024-09-11 00:00:00', '금융'),
	(23, '[경북] 안동시 ICTㆍSW기업 지원사업 참여기업 추가 모집 공고', '2024-09-11 00:00:00', '2024-10-11 00:00:00', NULL, '경상북도경제진흥원', '2024-09-11 00:00:00', '기술'),
	(24, '[경북] 영주시 2024년 2차 중소기업 기술성장 디딤돌 사업 참여기업 모집 연장 공고', '2024-09-10 00:00:00', '2024-10-04 00:00:00', NULL, '경상북도경제진흥원', '2024-09-11 00:00:00', '기술'),
	(25, '[전남] 2024년 3차 에너지특화기업 사업화 지원사업 공고', '2024-09-10 00:00:00', '2024-09-20 00:00:00', NULL, '전남테크노파크', '2024-09-11 00:00:00', '수출'),
	(26, '[부산] 2024년 2차 마을기업 기초경영컨설팅 공고', '2024-09-11 00:00:00', '2024-09-23 00:00:00', NULL, '부산디자인진흥원', '2024-09-11 00:00:00', '경영'),
	(27, '2024년 5차 ICT벤처 IR 참가기업 모집 공고', '2024-09-11 00:00:00', '2024-10-04 00:00:00', NULL, '벤처기업협회', '2024-09-11 00:00:00', '경영'),
	(28, '2024년 인도네시아 글로벌비즈니스센터(GBC) 입주기업 모집 공고', NULL, NULL, '제2024-493호', '글로벌성장정책과', '2024-09-09 00:00:00', '기타'),
	(29, '2024년 소상공인 정책자금 융자계획 변경공고', NULL, NULL, '제2024-492호', '기업금융과', '2024-09-09 00:00:00', '기타'),
	(30, '2024년 납품대금 연동 우수기업 포상 모집 공고', '2024-09-06 00:00:00', '2024-10-11 00:00:00', '제2024-488호', '불공정거래개선과', '2024-09-06 00:00:00', '기타'),
	(31, '2024년도 「글로벌혁신특구혁신사업육성(R&D)」 시행계획 재공고', '2024-09-13 00:00:00', '2024-09-27 00:00:00', '제2024-491호', '특구정책과', '2024-09-06 00:00:00', '기타'),
	(32, '2024년 지역소멸대응 유공 포상 공고', '2024-09-06 00:00:00', '2024-09-23 00:00:00', '제2024-490호', '지역혁신정책과', '2024-09-06 00:00:00', '기타'),
	(33, '2025년 소공인 복합지원센터 구축·운영사업 예비 공모', '2024-09-06 00:00:00', '2024-10-31 00:00:00', '제2024-485호', '지역상권과', '2024-09-06 00:00:00', '기타'),
	(34, '벤처투자회사 신규 등록', NULL, NULL, '중소벤처기업부 공고 제2024-482호', '투자관리감독과', '2024-09-04 00:00:00', '기타'),
	(35, '2024년도 제3차 중소벤처기업부 혁신제품 지정기간 연장(1차연장) 공고', '2024-09-02 00:00:00', '2024-09-23 00:00:00', '제2024-481호', '기술개발과', '2024-09-02 00:00:00', '기타'),
	(36, '소상공인 전기요금 특별지원사업 시행 수정공고', NULL, NULL, '중소벤처기업부 공고 제2024-480호', '소상공인손실보상과', '2024-09-02 00:00:00', '기타'),
	(37, '2024년 2차 산업기술R&D연구기획사업 신규지원 대상과제 공고', '2024-09-13 00:00:00', '2024-10-14 00:00:00', NULL, '한국산업기술기획평가원', '2024-09-13 00:00:00', '기술'),
	(38, '[경기] 포천시 2024년 하반기 착한가격업소 지정 계획 공고', '2024-09-09 00:00:00', '2024-09-25 00:00:00', NULL, '기초자치단체', '2024-09-13 00:00:00', '내수'),
	(39, '[세종] 2024년 이전기술사업화 지원사업 참여기업 추가 모집 공고', '2024-09-13 00:00:00', '2024-09-23 00:00:00', NULL, '세종테크노파크', '2024-09-13 00:00:00', '기술'),
	(40, '[경기] 군포시 2025년 중소기업 노동자 기숙사 임차비 지원사업 참여기업 모집 공고', '2024-09-09 00:00:00', '2024-09-25 00:00:00', NULL, '기초자치단체', '2024-09-13 00:00:00', '인력'),
	(41, '2024년 성남시 소규모점포 청년창업 지원사업 (예비)창업자 모집 공고', '2024-09-13 00:00:00', '2024-10-04 00:00:00', NULL, '기초자치단체', '2024-09-13 00:00:00', '창업'),
	(42, '[전남] 2024년 4차 지역서점 인증 신청 공고', '2024-09-12 00:00:00', '2024-09-23 00:00:00', NULL, '기초자치단체', '2024-09-13 00:00:00', '내수'),
	(43, '[부산] 2024년 2차 친환경스마트 선박사업 기술지원 수혜기업 모집 공고', '2024-09-13 00:00:00', '2024-09-30 00:00:00', NULL, '부산테크노파크', '2024-09-13 00:00:00', '기술'),
	(44, '[경기] 하남시 2024년 3차 중소기업육성기금(융자금) 접수 공고', '2024-09-05 00:00:00', '2024-09-20 00:00:00', NULL, '기초자치단체', '2024-09-13 00:00:00', '금융'),
	(45, '2024년 울진군 지역주도형 청년일자리 지원사업 참여자 모집 공고', '2024-09-12 00:00:00', '2024-09-26 00:00:00', NULL, '환동해산업연구원', '2024-09-13 00:00:00', '창업'),
	(46, '스케일업 팁스 운영사 모집 공고', '2024-10-14 00:00:00', '2024-10-25 00:00:00', '제2024-498호', '기술혁신정책과', '2024-09-13 00:00:00', '기타'),
	(47, '2024년도 제2차 중소벤처기업부 혁신제품 지정기간 연장(2차 연장) 공고', '2024-09-13 00:00:00', '2024-10-11 00:00:00', '제2024-499호', '기술개발과', '2024-09-13 00:00:00', '기타'),
	(48, '가칭청년일자리강소기업 공고', NULL, NULL, '2024-497호', '인력정책과', '2024-09-12 00:00:00', '기타'),
	(49, '2024년 인도네시아 글로벌비즈니스센터(GBC) 입주기업 모집 공고', NULL, NULL, '제2024-493호', '글로벌성장정책과', '2024-09-09 00:00:00', '기타'),
	(50, '2024년 소상공인 정책자금 융자계획 변경공고', NULL, NULL, '제2024-492호', '기업금융과', '2024-09-09 00:00:00', '기타'),
	(51, '2024년 납품대금 연동 우수기업 포상 모집 공고', '2024-09-06 00:00:00', '2024-10-11 00:00:00', '제2024-488호', '불공정거래개선과', '2024-09-06 00:00:00', '기타'),
	(52, '2024년도 「글로벌혁신특구혁신사업육성(R&D)」 시행계획 재공고', '2024-09-13 00:00:00', '2024-09-27 00:00:00', '제2024-491호', '특구정책과', '2024-09-06 00:00:00', '기타'),
	(53, '2024년 지역소멸대응 유공 포상 공고', '2024-09-06 00:00:00', '2024-09-23 00:00:00', '제2024-490호', '지역혁신정책과', '2024-09-06 00:00:00', '기타'),
	(54, '2025년 소공인 복합지원센터 구축·운영사업 예비 공모', '2024-09-06 00:00:00', '2024-10-31 00:00:00', '제2024-485호', '지역상권과', '2024-09-06 00:00:00', '기타'),
	(55, '[경북] 울진군 2025년 우수ㆍ모두애(愛) 마을기업 모집 공고', '2024-11-25 00:00:00', '2024-11-29 00:00:00', NULL, '기초자치단체', '2024-11-26 00:00:00', '내수'),
	(56, '[전남] 영광군 2025년 청년 어촌 정착지원 사업 사업대상자 추가 모집 공고', '2024-11-26 00:00:00', '2024-12-16 00:00:00', NULL, '기초자치단체', '2024-11-26 00:00:00', '창업'),
	(57, '[경북] 울진군 2025년 청년어촌정착지원 사업 신청 공고', '2024-11-25 00:00:00', '2024-12-08 00:00:00', NULL, '기초자치단체', '2024-11-26 00:00:00', '창업'),
	(58, '[경북] 울진군 2024년 소상공인 가업승계 청년 지원사업 공고', '2024-12-02 00:00:00', '2024-12-13 00:00:00', NULL, '기초자치단체', '2024-11-26 00:00:00', '경영'),
	(59, '2024년 초광역권 선도기업 선정 및 지원계획 수정 공고', '2024-11-15 00:00:00', '2024-11-29 00:00:00', NULL, '중소기업기술정보진흥원', '2024-11-26 00:00:00', '기술'),
	(60, '2024년 거제시 단체관광객 유치 여행사 인센티브 지원 변경계획 공고', '2024-11-21 00:00:00', '2024-12-10 00:00:00', NULL, '기초자치단체', '2024-11-26 00:00:00', '경영'),
	(61, '[경남] 창녕군 2025년 청년어업인 영어정착 지원사업 신청 공고', '2024-11-25 00:00:00', '2024-12-05 00:00:00', NULL, '기초자치단체', '2024-11-26 00:00:00', '창업'),
	(62, '[경남] 하동군 2024년 소규모 농산물 유통시설 설치사업 재공고', '2024-11-26 00:00:00', '2024-12-04 00:00:00', NULL, '기초자치단체', '2024-11-26 00:00:00', '경영'),
	(63, '[경북] 2024년 2차 수출기업 통상경쟁력 강화지원(수출물류) 참가기업 모집 공고', '2024-11-25 00:00:00', '2024-12-20 00:00:00', NULL, '경상북도경제진흥원', '2024-11-26 00:00:00', '수출'),
	(64, '2024년 초광역권 선도기업 선정 및 지원계획 수정', '2024-11-15 00:00:00', '2024-11-29 00:00:00', '제2024-585호', '지역혁신정책과', '2024-11-26 00:00:00', '기타'),
	(65, '벤처투자회사 신규등록', NULL, NULL, '중소벤처기업부 공고 제2024-582호', '투자관리감독과', '2024-11-21 00:00:00', '기타'),
	(66, '2025년 제조기반기업 공정자동화 지원사업 공고', '2024-11-21 00:00:00', '2025-01-06 00:00:00', '제2024-580호', '제조혁신과', '2024-11-21 00:00:00', '기타'),
	(67, '2025년 로봇활용 제조혁신 지원사업 공고', '2024-11-21 00:00:00', '2025-01-06 00:00:00', '제2024-581호', '제조혁신과', '2024-11-21 00:00:00', '기타'),
	(68, '도약(Jump-Up) 프로그램 참여기업 모집공고', '2024-11-18 00:00:00', '2024-12-16 00:00:00', '제2024-575호', '기업구조개선과', '2024-11-18 00:00:00', '기타'),
	(69, '2024년도 전략기술 테마별 프로젝트(DCP) 제2차 기술수요조사 시행계획 공고', '2024-12-02 00:00:00', '2024-12-27 00:00:00', '제2024-574호', '기술혁신정책과', '2024-11-18 00:00:00', '기타'),
	(70, '2024년 초광역권 선도기업 선정 및 지원계획 공고', '2024-11-15 00:00:00', '2024-11-29 00:00:00', '제2024-572호', '지역혁신정책과', '2024-11-15 00:00:00', '기타'),
	(71, '2025년도 부처협업형 스마트공장 운영기관 모집공고', '2024-11-18 00:00:00', '2024-12-12 00:00:00', '제2024-568호', '제조혁신과', '2024-11-15 00:00:00', '기타'),
	(72, '2025년 초격차 프로젝트 기술사업화 및 개방형 혁신 주관기관 공고', '2024-11-13 00:00:00', '2024-12-05 00:00:00', '제2024-558호', '신산업기술창업과', '2024-11-14 00:00:00', '기타'),
	(73, '[경북] 울진군 2025년 우수ㆍ모두애(愛) 마을기업 모집 공고', '2024-11-25 00:00:00', '2024-11-29 00:00:00', NULL, '기초자치단체', '2024-11-26 00:00:00', '내수'),
	(74, '[전남] 영광군 2025년 청년 어촌 정착지원 사업 사업대상자 추가 모집 공고', '2024-11-26 00:00:00', '2024-12-16 00:00:00', NULL, '기초자치단체', '2024-11-26 00:00:00', '창업'),
	(75, '[경북] 울진군 2025년 청년어촌정착지원 사업 신청 공고', '2024-11-25 00:00:00', '2024-12-08 00:00:00', NULL, '기초자치단체', '2024-11-26 00:00:00', '창업'),
	(76, '[경북] 울진군 2024년 소상공인 가업승계 청년 지원사업 공고', '2024-12-02 00:00:00', '2024-12-13 00:00:00', NULL, '기초자치단체', '2024-11-26 00:00:00', '경영'),
	(77, '2024년 초광역권 선도기업 선정 및 지원계획 수정 공고', '2024-11-15 00:00:00', '2024-11-29 00:00:00', NULL, '중소기업기술정보진흥원', '2024-11-26 00:00:00', '기술'),
	(78, '2024년 거제시 단체관광객 유치 여행사 인센티브 지원 변경계획 공고', '2024-11-21 00:00:00', '2024-12-10 00:00:00', NULL, '기초자치단체', '2024-11-26 00:00:00', '경영'),
	(79, '[경남] 창녕군 2025년 청년어업인 영어정착 지원사업 신청 공고', '2024-11-25 00:00:00', '2024-12-05 00:00:00', NULL, '기초자치단체', '2024-11-26 00:00:00', '창업'),
	(80, '[경남] 하동군 2024년 소규모 농산물 유통시설 설치사업 재공고', '2024-11-26 00:00:00', '2024-12-04 00:00:00', NULL, '기초자치단체', '2024-11-26 00:00:00', '경영'),
	(81, '[경북] 2024년 2차 수출기업 통상경쟁력 강화지원(수출물류) 참가기업 모집 공고', '2024-11-25 00:00:00', '2024-12-20 00:00:00', NULL, '경상북도경제진흥원', '2024-11-26 00:00:00', '수출'),
	(82, '2024년 초광역권 선도기업 선정 및 지원계획 수정', '2024-11-15 00:00:00', '2024-11-29 00:00:00', '제2024-585호', '지역혁신정책과', '2024-11-26 00:00:00', '기타'),
	(83, '벤처투자회사 신규등록', NULL, NULL, '중소벤처기업부 공고 제2024-582호', '투자관리감독과', '2024-11-21 00:00:00', '기타'),
	(84, '2025년 제조기반기업 공정자동화 지원사업 공고', '2024-11-21 00:00:00', '2025-01-06 00:00:00', '제2024-580호', '제조혁신과', '2024-11-21 00:00:00', '기타'),
	(85, '2025년 로봇활용 제조혁신 지원사업 공고', '2024-11-21 00:00:00', '2025-01-06 00:00:00', '제2024-581호', '제조혁신과', '2024-11-21 00:00:00', '기타'),
	(86, '도약(Jump-Up) 프로그램 참여기업 모집공고', '2024-11-18 00:00:00', '2024-12-16 00:00:00', '제2024-575호', '기업구조개선과', '2024-11-18 00:00:00', '기타'),
	(87, '2024년도 전략기술 테마별 프로젝트(DCP) 제2차 기술수요조사 시행계획 공고', '2024-12-02 00:00:00', '2024-12-27 00:00:00', '제2024-574호', '기술혁신정책과', '2024-11-18 00:00:00', '기타'),
	(88, '2024년 초광역권 선도기업 선정 및 지원계획 공고', '2024-11-15 00:00:00', '2024-11-29 00:00:00', '제2024-572호', '지역혁신정책과', '2024-11-15 00:00:00', '기타'),
	(89, '2025년도 부처협업형 스마트공장 운영기관 모집공고', '2024-11-18 00:00:00', '2024-12-12 00:00:00', '제2024-568호', '제조혁신과', '2024-11-15 00:00:00', '기타'),
	(90, '2025년 초격차 프로젝트 기술사업화 및 개방형 혁신 주관기관 공고', '2024-11-13 00:00:00', '2024-12-05 00:00:00', '제2024-558호', '신산업기술창업과', '2024-11-14 00:00:00', '기타'),
	(91, '[경북] 울진군 2025년 우수ㆍ모두애(愛) 마을기업 모집 공고', '2024-11-25 00:00:00', '2024-11-29 00:00:00', NULL, '기초자치단체', '2024-11-26 00:00:00', '내수'),
	(92, '[전남] 영광군 2025년 청년 어촌 정착지원 사업 사업대상자 추가 모집 공고', '2024-11-26 00:00:00', '2024-12-16 00:00:00', NULL, '기초자치단체', '2024-11-26 00:00:00', '창업'),
	(93, '[경북] 울진군 2025년 청년어촌정착지원 사업 신청 공고', '2024-11-25 00:00:00', '2024-12-08 00:00:00', NULL, '기초자치단체', '2024-11-26 00:00:00', '창업'),
	(94, '[경북] 울진군 2024년 소상공인 가업승계 청년 지원사업 공고', '2024-12-02 00:00:00', '2024-12-13 00:00:00', NULL, '기초자치단체', '2024-11-26 00:00:00', '경영'),
	(95, '2024년 초광역권 선도기업 선정 및 지원계획 수정 공고', '2024-11-15 00:00:00', '2024-11-29 00:00:00', NULL, '중소기업기술정보진흥원', '2024-11-26 00:00:00', '기술'),
	(96, '2024년 거제시 단체관광객 유치 여행사 인센티브 지원 변경계획 공고', '2024-11-21 00:00:00', '2024-12-10 00:00:00', NULL, '기초자치단체', '2024-11-26 00:00:00', '경영'),
	(97, '[경남] 창녕군 2025년 청년어업인 영어정착 지원사업 신청 공고', '2024-11-25 00:00:00', '2024-12-05 00:00:00', NULL, '기초자치단체', '2024-11-26 00:00:00', '창업'),
	(98, '[경남] 하동군 2024년 소규모 농산물 유통시설 설치사업 재공고', '2024-11-26 00:00:00', '2024-12-04 00:00:00', NULL, '기초자치단체', '2024-11-26 00:00:00', '경영'),
	(99, '[경북] 2024년 2차 수출기업 통상경쟁력 강화지원(수출물류) 참가기업 모집 공고', '2024-11-25 00:00:00', '2024-12-20 00:00:00', NULL, '경상북도경제진흥원', '2024-11-26 00:00:00', '수출'),
	(100, '2024년 초광역권 선도기업 선정 및 지원계획 수정', '2024-11-15 00:00:00', '2024-11-29 00:00:00', '제2024-585호', '지역혁신정책과', '2024-11-26 00:00:00', '기타'),
	(101, '벤처투자회사 신규등록', NULL, NULL, '중소벤처기업부 공고 제2024-582호', '투자관리감독과', '2024-11-21 00:00:00', '기타'),
	(102, '2025년 제조기반기업 공정자동화 지원사업 공고', '2024-11-21 00:00:00', '2025-01-06 00:00:00', '제2024-580호', '제조혁신과', '2024-11-21 00:00:00', '기타'),
	(103, '2025년 로봇활용 제조혁신 지원사업 공고', '2024-11-21 00:00:00', '2025-01-06 00:00:00', '제2024-581호', '제조혁신과', '2024-11-21 00:00:00', '기타'),
	(104, '도약(Jump-Up) 프로그램 참여기업 모집공고', '2024-11-18 00:00:00', '2024-12-16 00:00:00', '제2024-575호', '기업구조개선과', '2024-11-18 00:00:00', '기타'),
	(105, '2024년도 전략기술 테마별 프로젝트(DCP) 제2차 기술수요조사 시행계획 공고', '2024-12-02 00:00:00', '2024-12-27 00:00:00', '제2024-574호', '기술혁신정책과', '2024-11-18 00:00:00', '기타'),
	(106, '2024년 초광역권 선도기업 선정 및 지원계획 공고', '2024-11-15 00:00:00', '2024-11-29 00:00:00', '제2024-572호', '지역혁신정책과', '2024-11-15 00:00:00', '기타'),
	(107, '2025년도 부처협업형 스마트공장 운영기관 모집공고', '2024-11-18 00:00:00', '2024-12-12 00:00:00', '제2024-568호', '제조혁신과', '2024-11-15 00:00:00', '기타'),
	(108, '2025년 초격차 프로젝트 기술사업화 및 개방형 혁신 주관기관 공고', '2024-11-13 00:00:00', '2024-12-05 00:00:00', '제2024-558호', '신산업기술창업과', '2024-11-14 00:00:00', '기타');


-- 테이블 business_list.user 구조 내보내기
CREATE TABLE IF NOT EXISTS `user` (
  `user_id` varchar(20) NOT NULL,
  `password` varchar(20) NOT NULL,
  `name` varchar(20) NOT NULL,
  `email` varchar(50) NOT NULL,
  `rank` varchar(50) NOT NULL DEFAULT '회원',
  PRIMARY KEY (`user_id`) USING BTREE
) ENGINE=InnoDB DEFAULT CHARSET=utf8mb4 COLLATE=utf8mb4_0900_ai_ci;

-- 테이블 데이터 business_list.user:~2 rows (대략적) 내보내기
REPLACE INTO `user` (`user_id`, `password`, `name`, `email`, `rank`) VALUES
	('test', 'qwer1234!', '테스트진짜로', 'qw123123e@naver.com', '회원'),
	('test123321', '', '관리자페이지', 'qweasdxzc123124@naver.com', '구독자');

-- 테이블 business_list.user_category 구조 내보내기
CREATE TABLE IF NOT EXISTS `user_category` (
  `category_id` int NOT NULL AUTO_INCREMENT,
  `user_id` varchar(20) NOT NULL DEFAULT '0',
  `category` varchar(20) NOT NULL DEFAULT '0',
  PRIMARY KEY (`category_id`),
  KEY `category_id` (`user_id`) USING BTREE,
  CONSTRAINT `category-user_id` FOREIGN KEY (`user_id`) REFERENCES `user` (`user_id`) ON DELETE CASCADE ON UPDATE CASCADE
) ENGINE=InnoDB AUTO_INCREMENT=9 DEFAULT CHARSET=utf8mb4 COLLATE=utf8mb4_0900_ai_ci;

-- 테이블 데이터 business_list.user_category:~5 rows (대략적) 내보내기
REPLACE INTO `user_category` (`category_id`, `user_id`, `category`) VALUES
	(4, 'test', '경영');

-- 테이블 business_list.ads 구조 내보내기
CREATE TABLE IF NOT EXISTS `ads` (
  `ad_id` int NOT NULL AUTO_INCREMENT,
  `ad_subject` varchar(50) NOT NULL,
  `ad_file` varchar(255) CHARACTER SET utf8mb4 COLLATE utf8mb4_0900_ai_ci NOT NULL,
  `ad_content` text CHARACTER SET utf8mb4 COLLATE utf8mb4_0900_ai_ci NOT NULL,
  `ad_use` tinyint NOT NULL DEFAULT '0',
  `ad_start_date` datetime NOT NULL,
  `ad_end_date` datetime NOT NULL,
  `ad_datetime` datetime NOT NULL,
  PRIMARY KEY (`ad_id`)
) ENGINE=InnoDB AUTO_INCREMENT=6 DEFAULT CHARSET=utf8mb4 COLLATE=utf8mb4_0900_ai_ci;

-- 테이블 데이터 business_list.ads:~2 rows (대략적) 내보내기
REPLACE INTO `ads` (`ad_id`, `ad_subject`, `ad_file`, `ad_content`, `ad_use`, `ad_start_date`, `ad_end_date`, `ad_datetime`) VALUES
	(1, '구글', 'google_icon.png', '구글', 1, '2024-11-20 16:00:23', '2024-11-30 16:00:38', '2024-11-22 16:00:47'),
	(2, '카카오', 'kakao_icon.png', '카카오', 0, '2024-11-20 16:05:49', '2024-11-30 16:05:53', '2024-11-22 16:05:59'),

-- 테이블 business_list.applied_list 구조 내보내기
CREATE TABLE IF NOT EXISTS `applied_list` (
  `user_id` varchar(20) NOT NULL,
  `title` varchar(100) NOT NULL,
  `category` varchar(20) NOT NULL,
  `application_date` datetime DEFAULT NULL,
  PRIMARY KEY (`title`,`user_id`) USING BTREE,
  KEY `appli_id` (`user_id`) USING BTREE,
  CONSTRAINT `appli-project_title` FOREIGN KEY (`title`) REFERENCES `project_info` (`title`),
  CONSTRAINT `appli-user_id` FOREIGN KEY (`user_id`) REFERENCES `user` (`user_id`) ON DELETE CASCADE ON UPDATE CASCADE
) ENGINE=InnoDB DEFAULT CHARSET=utf8mb4 COLLATE=utf8mb4_0900_ai_ci;

-- 테이블 데이터 business_list.applied_list:~0 rows (대략적) 내보내기

-- 테이블 business_list.board 구조 내보내기
CREATE TABLE IF NOT EXISTS `board` (
  `board_num` int NOT NULL AUTO_INCREMENT,
  `title` varchar(20) NOT NULL,
  `content` text NOT NULL,
  `user_id` varchar(20) NOT NULL,
  `category` varchar(20) CHARACTER SET utf8mb4 COLLATE utf8mb4_0900_ai_ci NOT NULL,
  `creation_date` varchar(50) NOT NULL,
  PRIMARY KEY (`board_num`) USING BTREE,
  KEY `board_user` (`user_id`)
) ENGINE=InnoDB AUTO_INCREMENT=25 DEFAULT CHARSET=utf8mb4 COLLATE=utf8mb4_0900_ai_ci;

-- 테이블 데이터 business_list.board:~6 rows (대략적) 내보내기
REPLACE INTO `board` (`board_num`, `title`, `content`, `user_id`, `category`, `creation_date`) VALUES
	(18, '본년도 희망 기업', '2024년 청년 히망 기업', '익명', '', '2024-10-19'),
	(19, '미래 유망 분야 중소기업', '미래 유망 분야 중소기업', '익명', '', '2024-10-12'),
	(20, '자기소개서 작성', '기업이 원하는 자기소개서 양식', '익명', '', '2024-10-12'),
	(22, 'qwe', 'qwe', '익명', '정보공유', '2024-11-21'),
	(23, '내가', '내가', 'test', '정보공유', '2024-11-22'),
	(24, '이제는 진짜로', '되야한다', 'test3', '정보공유', '2024-11-26');

-- 테이블 business_list.comment 구조 내보내기
CREATE TABLE IF NOT EXISTS `comment` (
  `comment_num` int NOT NULL AUTO_INCREMENT,
  `board_num` int NOT NULL,
  `content` text NOT NULL,
  `user_id` varchar(20) NOT NULL,
  PRIMARY KEY (`comment_num`),
  KEY `board_num` (`board_num`),
  KEY `comment_user` (`user_id`),
  CONSTRAINT `board_num` FOREIGN KEY (`board_num`) REFERENCES `board` (`board_num`) ON DELETE CASCADE ON UPDATE CASCADE,
  CONSTRAINT `comment_user` FOREIGN KEY (`user_id`) REFERENCES `user` (`user_id`) ON DELETE CASCADE ON UPDATE CASCADE
) ENGINE=InnoDB AUTO_INCREMENT=17 DEFAULT CHARSET=utf8mb4 COLLATE=utf8mb4_0900_ai_ci;

-- 테이블 데이터 business_list.comment:~14 rows (대략적) 내보내기
REPLACE INTO `comment` (`comment_num`, `board_num`, `content`, `user_id`) VALUES
	(1, 18, '테스트 댓글 진짜 수정', 'test'),
	(2, 18, '테스트 두번째', 'test'),
	(4, 22, 'qwe', 'test'),
	(5, 22, 'qwe', 'test'),
	(6, 22, 'qwe', 'test'),
	(7, 22, 'test', 'test'),
	(8, 22, 'test', 'test'),
	(9, 22, 'test', 'test'),
	(10, 22, 'test', 'test'),
	(11, 22, 'test', 'test'),
	(12, 22, 'test', 'test'),
	(13, 22, 'test1231', 'test'),
	(14, 22, 'test11', 'test'),
	(15, 22, '2222', 'test');

-- 테이블 business_list.news 구조 내보내기
CREATE TABLE IF NOT EXISTS `news` (
  `news_no` int NOT NULL AUTO_INCREMENT,
  `news_subject` varchar(255) NOT NULL,
  `news_content` text NOT NULL,
  `news_category` varchar(50) NOT NULL,
  `news_datetime` datetime NOT NULL,
  `news_origin` varchar(50) CHARACTER SET utf8mb4 COLLATE utf8mb4_0900_ai_ci NOT NULL,
  PRIMARY KEY (`news_no`)
) ENGINE=InnoDB AUTO_INCREMENT=3 DEFAULT CHARSET=utf8mb4 COLLATE=utf8mb4_0900_ai_ci;

-- 테이블 데이터 business_list.news:~2 rows (대략적) 내보내기
REPLACE INTO `news` (`news_no`, `news_subject`, `news_content`, `news_category`, `news_datetime`, `news_origin`) VALUES
	(1, '안동대학교 통합', '안동대학교와 안동도립대학교가 통합된다', '교육', '2024-11-21 10:26:46', 'https://www.andong.ac.kr/main/index.do'),
	(2, '일단 테스트', '테스트 콘텐츠', '교육', '2024-11-21 10:40:24', 'http://localhost:3000/');

-- 테이블 business_list.project-category 구조 내보내기
CREATE TABLE IF NOT EXISTS `project-category` (
  `project_id` int NOT NULL,
  `category_id` int NOT NULL,
  PRIMARY KEY (`project_id`,`category_id`) USING BTREE,
  KEY `connect_category_id` (`category_id`),
  CONSTRAINT `connect_category_id` FOREIGN KEY (`category_id`) REFERENCES `user_category` (`category_id`) ON DELETE CASCADE ON UPDATE CASCADE,
  CONSTRAINT `connect_project_id` FOREIGN KEY (`project_id`) REFERENCES `project_info` (`project_id`) ON DELETE CASCADE ON UPDATE CASCADE
) ENGINE=InnoDB DEFAULT CHARSET=utf8mb4 COLLATE=utf8mb4_0900_ai_ci;

-- 테이블 데이터 business_list.project-category:~0 rows (대략적) 내보내기

-- 테이블 business_list.qna 구조 내보내기
CREATE TABLE IF NOT EXISTS `qna` (
  `qa_id` int NOT NULL AUTO_INCREMENT,
  `qa_subject` varchar(255) NOT NULL,
  `qa_content` text NOT NULL,
  `qa_answer` text CHARACTER SET utf8mb4 COLLATE utf8mb4_0900_ai_ci,
  `qa_datetime` datetime DEFAULT NULL,
  PRIMARY KEY (`qa_id`)
) ENGINE=InnoDB AUTO_INCREMENT=2 DEFAULT CHARSET=utf8mb4 COLLATE=utf8mb4_0900_ai_ci;

-- 테이블 데이터 business_list.qna:~1 rows (대략적) 내보내기
REPLACE INTO `qna` (`qa_id`, `qa_subject`, `qa_content`, `qa_answer`, `qa_datetime`) VALUES
	(1, '문의 테스트', '문의 테스트용 내용', '이거 수정이 되나?', '2024-12-16 04:01:31');

-- 테이블 business_list.reply 구조 내보내기
CREATE TABLE IF NOT EXISTS `reply` (
  `reply_num` int NOT NULL AUTO_INCREMENT,
  `comment_num` int NOT NULL,
  `content` text CHARACTER SET utf8mb4 COLLATE utf8mb4_0900_ai_ci NOT NULL,
  `user_id` varchar(20) NOT NULL,
  PRIMARY KEY (`reply_num`),
  KEY `comment_num` (`comment_num`),
  KEY `reply_user` (`user_id`),
  CONSTRAINT `comment_num` FOREIGN KEY (`comment_num`) REFERENCES `comment` (`comment_num`) ON DELETE CASCADE ON UPDATE CASCADE,
  CONSTRAINT `reply_user` FOREIGN KEY (`user_id`) REFERENCES `user` (`user_id`) ON DELETE CASCADE ON UPDATE CASCADE
) ENGINE=InnoDB AUTO_INCREMENT=21 DEFAULT CHARSET=utf8mb4 COLLATE=utf8mb4_0900_ai_ci;

-- 테이블 데이터 business_list.reply:~9 rows (대략적) 내보내기
REPLACE INTO `reply` (`reply_num`, `comment_num`, `content`, `user_id`) VALUES
	(10, 1, '대댓글 테스트 512', 'test'),
	(11, 1, '대댓글 테스트 5111', 'test'),
	(12, 1, '123', 'test'),
	(13, 1, '123', 'test'),
	(14, 1, '123456', 'test'),
	(15, 4, 'qwe', 'test'),
	(17, 2, 'ㅂㅈㄷ', 'test');

-- 테이블 business_list.visit 구조 내보내기
CREATE TABLE IF NOT EXISTS `visit` (
  `visit_date` date NOT NULL,
  `visit_count` int NOT NULL DEFAULT (0),
  PRIMARY KEY (`visit_date`)
) ENGINE=InnoDB DEFAULT CHARSET=utf8mb4 COLLATE=utf8mb4_0900_ai_ci;

-- 테이블 데이터 business_list.visit:~10 rows (대략적) 내보내기
REPLACE INTO `visit` (`visit_date`, `visit_count`) VALUES
	('2024-11-18', 4),
	('2024-11-19', 8),
	('2024-11-20', 219),
	('2024-11-21', 136),
	('2024-11-22', 201),
	('2024-11-27', 228),
	('2024-12-04', 1),
	('2024-12-07', 27),
	('2024-12-13', 0),
	('2024-12-16', 2);

-- 테이블 business_list.wish_list 구조 내보내기
CREATE TABLE IF NOT EXISTS `wish_list` (
  `user_id` varchar(20) NOT NULL,
  `title` varchar(100) NOT NULL,
  `category` varchar(20) NOT NULL,
  PRIMARY KEY (`title`,`user_id`) USING BTREE,
  KEY `inter_id` (`user_id`) USING BTREE,
  CONSTRAINT `wish-project_title` FOREIGN KEY (`title`) REFERENCES `project_info` (`title`),
  CONSTRAINT `wish-user_id` FOREIGN KEY (`user_id`) REFERENCES `user` (`user_id`) ON DELETE CASCADE ON UPDATE CASCADE
) ENGINE=InnoDB DEFAULT CHARSET=utf8mb4 COLLATE=utf8mb4_0900_ai_ci;

-- 테이블 데이터 business_list.wish_list:~6 rows (대략적) 내보내기
REPLACE INTO `wish_list` (`user_id`, `title`, `category`) VALUES
	('test', '[경기] 2024년 경기도민 맞춤형 스마트 사회서비스 공모전 참여기업 모집 공고', '기타'),
	('test', '[경기] 부천시 2024년 뷰티플레이(명동점ㆍ홍대점) 특별관 입점 참가기업 모집 공고', '기타'),
	('test', '[부산] 2024년 2차 친환경스마트 선박사업 기술지원 수혜기업 모집 공고', '기타'),
	('test', '[전남] 2024년 3차 에너지특화기업 사업화 지원사업 공고', '기타'),
	('test', '[전남] 2024년 4차 지역서점 인증 신청 공고', '기타'),
	('test', '[충북] 2024년 DX 컨설팅 패스트트랙 수요기업 모집 재공고(산업 디지털 전환 확산 지원체계 구축 사업)', '기타');

/*!40103 SET TIME_ZONE=IFNULL(@OLD_TIME_ZONE, 'system') */;
/*!40101 SET SQL_MODE=IFNULL(@OLD_SQL_MODE, '') */;
/*!40014 SET FOREIGN_KEY_CHECKS=IFNULL(@OLD_FOREIGN_KEY_CHECKS, 1) */;
/*!40101 SET CHARACTER_SET_CLIENT=@OLD_CHARACTER_SET_CLIENT */;
/*!40111 SET SQL_NOTES=IFNULL(@OLD_SQL_NOTES, 1) */;
